Product,Brand,Line,Comments,ProductType,LowPorosity,HighPorosity,Fine,Coarse,Frizz,Dry,Volume
"﻿MopTop Gentle Shampoo, Natural Hair Moisturizer, Reduces Frizz, Color Safe Volumizing Shampoo - For All Hair Types, Straight, Curly, Wavy, Thin, Coily (8 oz)",Moptop,Shampoo,869,shampoo,0.75,0.6,0.6283783783783784,0.5,0.5190839694656488,0.5272727272727272,0.875
"MopTop Curly Hair Custard Gel for Fine, Thick, Wavy, Curly & Kinky-Coily Natural hair, Anti Frizz Curl Moisturizer, Definer & Lightweight Curl Activator w/ Aloe, great for Dry Hair, 8oz.",Moptop,Gel,869,gel/custard,0.75,0.6,0.6283783783783784,0.5,0.5190839694656488,0.5272727272727272,0.875
"MopTop Light Conditioner, Wavy, Loose Curls, Thin, Straight, Color Treated & Natural hair Moisturizer, made w/ Aloe, Sea Botanicals & Honey reduces Frizz, increases Moisture & Manageability",Moptop,Conditioner,869,conditioner,0.75,0.6,0.6283783783783784,0.5,0.5190839694656488,0.5272727272727272,0.875
"﻿MopTop Gentle Shampoo, Natural Hair Moisturizer, Reduces Frizz, Color Safe Volumizing Shampoo - For All Hair Types, Straight, Curly, Wavy, Thin, Coily (8 oz)",Moptop,Conditioner,869,shampoo,0.75,0.6,0.6283783783783784,0.5,0.5190839694656488,0.5272727272727272,0.875
"MopTop Leave-in Conditioner for Fine, Thick, Wavy, Curly & Kinky-Coily Natural hair, Anti Frizz Curl Moisturizer, Definer & Lightweight Curl Enhancer w/ Aloe, great for Dry Hair- 8oz",Moptop,Conditioner,869,"conditioner, leave-in",0.75,0.6,0.6283783783783784,0.5,0.5190839694656488,0.5272727272727272,0.875
"MopTop Cowash Cleansing Conditioner, Wavy, Curly & Kinky-Coily, Color Treated & Natural Hair Moisturizer, made w/ Aloe, Sea Botanicals & Honey reduces Frizz, increases Moisture & Manageability",Moptop,Conditioner,869,conditioner,0.75,0.6,0.6283783783783784,0.5,0.5190839694656488,0.5272727272727272,0.875
"﻿MopTop Daily Conditioner, ﻿Natural Hair Moisturizer, ﻿Reduces Frizz, ﻿Aloe, Sea Botanicals & Honey, Color Safe - For All Hair Types, Straight, Curly, Wavy, Thin, ﻿Coily (8 oz)﻿",Moptop,Conditioner,869,conditioner,0.75,0.6,0.6283783783783784,0.5,0.5190839694656488,0.5272727272727272,0.875
"﻿MopTop Curl Enhancer Gel, Reduces Frizz, Natural Ingredients, Kinky-Coily Curly Hair Gel, Made w/ ﻿Aloe, Sea Botanicals & Honey, (﻿Citrus Medley, 8oz)",Moptop,Conditioner,869,gel/custard,0.75,0.6,0.6283783783783784,0.5,0.5190839694656488,0.5272727272727272,0.875
"MopTop Curly Hair Custard Gel for Fine, Thick, Wavy, Curly & Kinky-Coily Natural hair, Anti Frizz Curl Moisturizer, Definer & Lightweight Curl Activator w/ Aloe, great for Dry Hair, 8oz.",Moptop,Conditioner,869,gel/custard,0.75,0.6,0.6283783783783784,0.5,0.5190839694656488,0.5272727272727272,0.875
"Carol’s Daughter Black Vanilla Moisture and Shine Shampoo and Conditioner Set For Dry Hair and Dull Hair, Sulfate Free Shampoo and Hydrating Hair Conditioner (Packaging May Vary)",Carol's Daughter,Shampoos and Conditioners,781,"shampoo, conditioner",1.0,0.0,0.3333333333333333,0.29411764705882354,0.46875,0.20869565217391303,1.0
SheaMoisture Manuka Honey & Mafura Oil Intensive Hydration Shampoo & Conditioner | Set of 2 | 13 fl. Oz. each,SheaMoisture,Manuka Honey and Mafura Oil,770,"shampoo, conditioner",0.5,1.0,0.5806451612903226,0.75,0.6097560975609756,0.5365853658536586,1.0
"Carol’s Daughter Coco Creme Curl Perfecting Water Coco Mist, with Coconut Water, Silicone Free Curl Refresher Spray, Paraben Free Curl Activating Mist for Very Dry, Curly To Coily Hair, 5, 8.4 Fl Oz",Carol's Daughter,Styling,756,,0.6,1.0,0.7547169811320755,0.5806451612903226,0.4897959183673469,0.47058823529411764,1.0
"Curly Hair Products Gift Set by Carol's Daughter, Coco Creme Sulfate Free Shampoo and Conditioner Set with Silicone Free Hair Butter, for Very Dry Curly Hair, with Coconut Oil and Mango Butter",Carol's Daughter,Shampoos and Conditioners,756,"shampoo, conditioner",0.6,1.0,0.7547169811320755,0.5806451612903226,0.4897959183673469,0.47058823529411764,1.0
"Carol’s Daughter Coco Creme Curl Shaping Cream Gel, with Coconut Oil, Coconut Milk, Silicone Free, Paraben Free Hair Gel for Curly Hair , Mineral Oil Free, for Very Dry Hair, 16 Oz",Carol's Daughter,Curly Hair Products,756,"gel/custard, cream",0.6,1.0,0.7547169811320755,0.5806451612903226,0.4897959183673469,0.47058823529411764,1.0
"Carol’s Daughter Coco Creme Curl Quenching Sulfate Free Shampoo for Very Dry Hair, with Coconut Oil and Mango Butter, Sulfate Free Shampoo for Curly Hair, 12 fl oz",Carol's Daughter,Curly Hair Products,756,shampoo,0.6,1.0,0.7547169811320755,0.5806451612903226,0.4897959183673469,0.47058823529411764,1.0
"Carol’s Daughter Coco Creme Curl Quenching Deep Moisture Hair Mask for Very Dry Hair, with Coconut Oil and Mango Butter, Hair Mask for Curly Hair, 12 oz",Carol's Daughter,Masks and Treatments,756,mask,0.6,1.0,0.7547169811320755,0.5806451612903226,0.4897959183673469,0.47058823529411764,1.0
"Carol’s Daughter Coco Creme Curl Shaping Cream Gel, with Coconut Oil, Coconut Milk, Silicone Free, Paraben Free Hair Gel for Curly Hair , Mineral Oil Free, for Very Dry Hair, 16 Oz",Carol's Daughter,Styling,756,"gel/custard, cream",0.6,1.0,0.7547169811320755,0.5806451612903226,0.4897959183673469,0.47058823529411764,1.0
"Carol’s Daughter Coco Creme Coil Enhancing Moisture Butter for Very Dry Hair, with Coconut Oil and Mango Butter, Paraben Free and Silicone Free Butter for Curly Hair, 12 oz",Carol's Daughter,Styling,756,,0.6,1.0,0.7547169811320755,0.5806451612903226,0.4897959183673469,0.47058823529411764,1.0
"Carol’s Daughter Coco Creme Curl Quenching Deep Moisture Hair Mask for Very Dry Hair, with Coconut Oil and Mango Butter, Hair Mask for Curly Hair, 12 oz",Carol's Daughter,Curly Hair Products,756,mask,0.6,1.0,0.7547169811320755,0.5806451612903226,0.4897959183673469,0.47058823529411764,1.0
"Curly Hair Products Gift Set by Carol's Daughter, Coco Creme Sulfate Free Shampoo and Conditioner Set with Silicone Free Hair Butter, for Very Dry Curly Hair, with Coconut Oil and Mango Butter",Carol's Daughter,Curly Hair Products,756,"shampoo, conditioner",0.6,1.0,0.7547169811320755,0.5806451612903226,0.4897959183673469,0.47058823529411764,1.0
"Carol’s Daughter Coco Creme Coil Enhancing Moisture Butter for Very Dry Hair, with Coconut Oil and Mango Butter, Paraben Free and Silicone Free Butter for Curly Hair, 12 oz",Carol's Daughter,Curly Hair Products,756,,0.6,1.0,0.7547169811320755,0.5806451612903226,0.4897959183673469,0.47058823529411764,1.0
"Carol’s Daughter Coco Creme Curl Quenching Conditioner for Very Dry Hair, with Coconut Oil, Paraben Free Hair Conditioner for Curly Hair, 12 oz",Carol's Daughter,Shampoos and Conditioners,756,conditioner,0.6,1.0,0.7547169811320755,0.5806451612903226,0.4897959183673469,0.47058823529411764,1.0
"Carol’s Daughter Coco Creme Curl Quenching Conditioner for Very Dry Hair, with Coconut Oil, Paraben Free Hair Conditioner for Curly Hair, 12 oz",Carol's Daughter,Curly Hair Products,756,conditioner,0.6,1.0,0.7547169811320755,0.5806451612903226,0.4897959183673469,0.47058823529411764,1.0
"Carol’s Daughter Coco Creme Curl Quenching Sulfate Free Shampoo for Very Dry Hair, with Coconut Oil and Mango Butter, Sulfate Free Shampoo for Curly Hair, 12 fl oz",Carol's Daughter,Shampoos and Conditioners,756,shampoo,0.6,1.0,0.7547169811320755,0.5806451612903226,0.4897959183673469,0.47058823529411764,1.0
"GIOVANNI Eco Chic Frizz Be Gone, 2.75 oz. - Super Smoothing Anti-Frizz Hair Serum, Adds Shine, Seals in Color, Wash & Go, Infused with Conditioners, No Parabens, Color Safe (Pack of 3)",Giovanni,Curly Girl Products,708,conditioner,1.0,1.0,0.6363636363636364,0.543859649122807,0.7188940092165899,0.7777777777777778,0.2222222222222222
"Carol's Daughter Black Vanilla Moisture and Shine Edge Control Smoother For Dry Hair and Dull Hair, with Aloe and Honey, Clear Edge Smoother, Edge Tamer, 2 oz (Packaging May Vary)",Carol's Daughter,Styling,687,,0.0,0.0,0.125,0.2857142857142857,0.625,0.40625,-1.0
"Carol’s Daughter Black Vanilla Moisture & Shine Leave In Conditioner for Dry Hair and Dull Hair, with Aloe, Vitamin B5 and Wheat Protein, 8 fl oz",Carol's Daughter,Leave-Ins,651,"conditioner, leave-in",0.3333333333333333,1.0,0.375,0.4666666666666667,-0.044444444444444446,-0.13559322033898305,1.0
SheaMoisture Hair Serum Oil for Damaged Hair Jamaican Black Castor Oil Hair Oil with Shea Butter 2 oz,SheaMoisture,Jamaican Black Castor Oil,616,,1.0,1.0,0.2,0.5806451612903226,0.6,0.55,0.0
"Shea Moisture Manuka Honey & Yogurt Hydrate + Repair Protein Power Treatment, Hair Mask, Deep Conditioner and Hair Treatment, 8 oz",SheaMoisture,Manuka Honey and Yogurt,600,"conditioner, mask",0.6,0.9090909090909091,0.7931034482758621,0.6818181818181818,0.5714285714285714,0.6987951807228916,1.0
SheaMoisture 100% Virgin Types 100% Extra Virgin 8 oz,SheaMoisture,100% Virgin Coconut Oil,596,,1.0,0.8,0.43243243243243246,0.38235294117647056,0.7142857142857143,0.7142857142857143,1.0
"SheaMoisture Smoothie Curl Enhancing Cream for Thick, Curly Hair Coconut and Hibiscus Sulfate Free and Paraben Free 12 oz",SheaMoisture,Coconut and Hibiscus,583,cream,1.0,1.0,0.7368421052631579,0.64,0.6949152542372882,0.38571428571428573,1.0
"Sheamoisture Curl Enhancing Smoothie for Thick, Curly Hair Coconut and Hibiscus Sulfate Free and Paraben Free 20 oz",SheaMoisture,Coconut and Hibiscus,583,,1.0,1.0,0.7368421052631579,0.64,0.6949152542372882,0.38571428571428573,1.0
"SheaMoisture Intensive for Dry,12 oz",SheaMoisture,Manuka Honey and Mafura Oil,540,,0.5909090909090909,1.0,0.6,0.8333333333333334,0.76,0.7282608695652174,1.0
"Carol’s Daughter Almond Milk Daily Damage Repair Sulfate Free Shampoo and Conditioner Set for Damaged Hair, Shampoo and Restoring Hair Conditioner with Shea and Aloe",Carol's Daughter,Shampoos and Conditioners,536,"shampoo, conditioner",1.0,0.0,0.5833333333333334,0.6086956521739131,0.7692307692307693,0.09836065573770492,0.5
"SheaMoisture Intensive Hydration Conditioner for Dry, Damaged Hair Manuka Honey and Mafura Oil deep moisturizing conditioner 24oz",SheaMoisture,Manuka Honey and Mafura Oil,497,conditioner,0.5,-0.5,0.6190476190476191,0.6470588235294118,0.7083333333333334,0.4864864864864865,1.0
"SheaMoisture Intensive Hydration Conditioner for Dry, Damaged Hair Manuka Honey and Mafura Oil to Nourish and Soften Hair 13 oz",SheaMoisture,Manuka Honey and Mafura Oil,497,conditioner,0.5,-0.5,0.6190476190476191,0.6470588235294118,0.7083333333333334,0.4864864864864865,1.0
"GIOVANNI Direct Leave-In Weightless Moisture Conditioner, 8.5 oz. , Wash & Go, Co Wash, Curls & Wavy Hair, No Parabens, Color Safe (Pack of 3)",Giovanni,Curly Girl Products,481,"conditioner, leave-in",0.5555555555555556,0.0,0.8205128205128205,0.6578947368421053,0.5714285714285714,0.5538461538461539,0.5
"GIOVANNI Smooth as Silk Deep Moisture Shampoo, 8.5 oz. Hydrates & Calms Frizz, Detangles, Wash & Go, Co Wash, Curly & Wavy Hair, Sulfate Free, No Parabens, Color Safe (Pack of 3)",Giovanni,Curly Girl Products,479,shampoo,0.0,0.0,0.7297297297297297,0.3888888888888889,0.6,0.6103896103896104,0.9166666666666666
"TRESemmé Hair Gel, Flawless Curls, 8 Ounce, Pack of 6",TRESemme,Curly & Wavy Hair,462,gel/custard,0.0,0.0,0.6451612903225806,0.8,0.6590909090909091,0.7142857142857143,0.75
"Carol's Daughter Black Vanilla Moisture and Shine Sulfate Free Shampoo For Dry Hair and Dull Hair, with Aloe and Rose, Paraben Free Shampoo, 12 fl oz (Packaging May Vary)",Carol's Daughter,Shampoos and Conditioners,452,shampoo,1.0,0.0,0.45,0.2903225806451613,0.6,0.3333333333333333,1.0
SheaMoisture Illuminating Hand and Body Scrub for Dull Skin Coconut and Hibiscus Cruelty-Free Skin Care 12 oz,SheaMoisture,Coconut and Hibiscus,451,,0.0,0.0,-0.1,0.8333333333333334,0.0,-0.05660377358490566,0.0
"Curls Blueberry Bliss Reparative Leave In Conditioner, 8 Ounces",Curls,Blueberry Bliss,426,"conditioner, leave-in",1.0,1.0,0.8205128205128205,0.6666666666666666,0.6363636363636364,0.6486486486486487,1.0
Cake Beauty Curl Friend Defining Curl Cream - Bounce Curly Hair Styling Product & Anti Frizz Control Heat Protectant for Hair Detangler – Cruelty Free & Vegan,Cake Beauty,Hair,424,cream,0.25,-1.0,0.5081967213114754,0.44,0.6744186046511628,0.5918367346938775,0.625
Curly Magic,Uncle Funky's Daughter,Curl Definers,414,,-0.3333333333333333,1.0,0.7916666666666666,0.3333333333333333,0.7741935483870968,0.6451612903225806,1.0
Curly Magic 32 OZ,Uncle Funky's Daughter,Curl Definers,414,,-0.3333333333333333,1.0,0.7916666666666666,0.3333333333333333,0.7741935483870968,0.6451612903225806,1.0
"SheaMoisture Intensive Hydration Shampoo for Dry, Damaged Hair Manuka Honey and Mafura Oil Sulfate-Free 13 oz",SheaMoisture,Manuka Honey and Mafura Oil,411,shampoo,0.7142857142857143,-1.0,0.625,0.5833333333333334,0.6,0.5466666666666666,-1.0
"SheaMoisture Intensive Hydration Shampoo for Dry, Damaged Hair Manuka Honey and Mafura Oil Sulfate-Free 24oz",SheaMoisture,Manuka Honey and Mafura Oil,411,shampoo,0.7142857142857143,-1.0,0.625,0.5833333333333334,0.6,0.5466666666666666,-1.0
Curls Blueberry Bliss Curl Control Jelly (8 Ounce),Curls,Blueberry Bliss,404,gel/custard,0.2857142857142857,-0.5,0.42857142857142855,0.35,0.15217391304347827,0.047619047619047616,0.75
"SheaMoisture Curl and Style Milk for Thick, Curly Hair Coconut and Hibiscus for Curl Definition 8 oz",SheaMoisture,Coconut and Hibiscus,401,,0.0,0.0,0.6111111111111112,-0.15584415584415584,0.5217391304347826,0.2777777777777778,-0.3333333333333333
SheaMoisture Jamaican Black Castor Oil Treatment Masque For Dry Hair Jamaican Black Castor Oil Paraben Free Hair Mask 12 oz,SheaMoisture,Jamaican Black Castor Oil,376,mask,1.0,0.0,0.4666666666666667,0.9047619047619048,0.8947368421052632,0.6410256410256411,1.0
Cake Beauty Curl Whipped Curl Defining & Volumizing Mousse – Aloe Vera & Vitamin E for Flexible Hold - Vegan No Heat Curls Mousse for Wavy & Curly Hair - Sulfate & Cruelty Free Hair Products For Women,Cake Beauty,Hair,372,mousse/foam,1.0,-0.3333333333333333,0.7111111111111111,0.14285714285714285,0.5714285714285714,0.15517241379310345,0.631578947368421
SheaMoisture Curl Mousse for Frizz Control Coconut and Hibiscus with Shea Butter 7.5 oz,SheaMoisture,Coconut and Hibiscus,356,mousse/foam,1.0,0.0,0.5172413793103449,0.2631578947368421,0.3448275862068966,0.2608695652173913,0.6666666666666666
"Shea Moisture Coconut & Hibiscus KIDS Extra Moisturizing Detangler, Slippery Elm & Marshmallow Extracts, Anti-Frizz, Moisture & Shine for Thick, Wavy, Unruly Hair, Spray In & Leave-On, 8 oz, Pack of 2",SheaMoisture,Coconut and Hibiscus,336,,-1.0,0.0,0.8571428571428571,0.4074074074074074,0.7142857142857143,0.625,1.0
"Carol's Daughter Marguerite's Magic Restorative Cream, 8 oz (Packaging May Vary)",Carol's Daughter,Styling,330,cream,1.0,0.3333333333333333,0.5454545454545454,0.5833333333333334,0.7727272727272727,0.7543859649122807,1.0
"Carol’s Daughter Almond Milk Leave In Conditioner with Almond Milk, Aloe Butter and Shea Oil for Extremely Damaged Hair, 8 fl oz",Carol's Daughter,Leave-Ins,320,"conditioner, leave-in",0.0,1.0,0.3076923076923077,0.15384615384615385,0.5,-0.3103448275862069,1.0
"Shea Moisture Jamaican Black Castor Oil Strengthen & Restore Shampoo w/ Shea Butter, Peppermint, & Apple Cider Vinegar 16.3 fl oz. (482ml) (2 Pack)",SheaMoisture,Jamaican Black Castor Oil,316,shampoo,0.0,0.0,0.8421052631578947,0.8125,1.0,0.8214285714285714,0.3333333333333333
"Carol’s Daughter Goddess Strength Divine Strength Leave In Conditioner with Castor Oil, Black Seed Oil and Ginger, for Weak, Breakage Prone Hair, Paraben Free, 10 fl oz",Carol's Daughter,Leave-Ins,307,"conditioner, leave-in",0.5,0.4,0.2857142857142857,0.6666666666666666,0.6363636363636364,0.32075471698113206,1.0
"SheaMoisture Jamaican Black Castor Oil Leave In Conditioner for Over-Processed, damaged hair 100% Pure Jamaican Black Castor Oil to Soften and Detangle Hair 11.5 oz",SheaMoisture,Jamaican Black Castor Oil,306,"conditioner, leave-in",0.6,0.0,0.5384615384615384,0.6875,0.8387096774193549,0.6097560975609756,1.0
SheaMoisture Leave In Conditioner Conditioner For Hair Jamaican Black Castor Oil To Soften and Detangle Hair 20 oz,SheaMoisture,Jamaican Black Castor Oil,306,"conditioner, leave-in",0.6,0.0,0.5384615384615384,0.6875,0.8387096774193549,0.6097560975609756,1.0
SheaMoisture Kids Extra Moisturizing Detangler for Curly Hair Coconut and Hibiscus Kids Detangler with Shea Butter 8 oz,SheaMoisture,Coconut and Hibiscus,304,,0.0,0.0,0.4375,0.375,0.6,0.3333333333333333,0.0
"Carol’s Daughter Goddess Strength 7 Oil Blend Scalp & Hair Oil with Castor Oil and Black Seed Oil, for Weak, Breakage Prone Hair, 4.2 fl oz",Carol's Daughter,Masks and Treatments,301,,1.0,0.0,-0.16666666666666666,0.4666666666666667,0.7,0.4375,0.0
"Carol’s Daughter Goddess Strength 7 Oil Blend Scalp & Hair Oil with Castor Oil and Black Seed Oil, for Weak, Breakage Prone Hair, 4.2 fl oz",Carol's Daughter,Styling,301,,1.0,0.0,-0.16666666666666666,0.4666666666666667,0.7,0.4375,0.0
"Carol's Daughter Black Vanilla Moisture and Shine Hair Smoothie For Dry Hair and Dull Hair, with Shea Butter, Cocoa Butter and Vitamin B5, Paraben Free Hair Treatment, 8 oz (Packaging May Vary)",Carol's Daughter,Masks and Treatments,294,,1.0,0.0,0.9166666666666666,0.7142857142857143,0.7272727272727273,0.6590909090909091,0.0
"Carol's Daughter Black Vanilla Moisture and Shine Hair Smoothie For Dry Hair and Dull Hair, with Shea Butter, Cocoa Butter and Vitamin B5, Paraben Free Hair Treatment, 8 oz (Packaging May Vary)",Carol's Daughter,Styling,294,,1.0,0.0,0.9166666666666666,0.7142857142857143,0.7272727272727273,0.6590909090909091,0.0
"Maui Moisture Heal & Hydrate + Shea Butter Shampoo to Repair & Deeply Moisturize Tight Curly Hair with Coconut & Macademia Oils, Vegan, Silicone, Paraben & Sulfate-Free, 13 fl oz",Maui Moisture,All Products,294,shampoo,1.0,0.0,0.18181818181818182,0.3333333333333333,-0.375,0.22807017543859648,0.0
"Carol's Daughter Monoi Sulfate-free Shampoo, 8.5 oz",Carol's Daughter,Shampoos and Conditioners,290,shampoo,0.0,0.0,0.4482758620689655,0.5555555555555556,0.5238095238095238,0.24489795918367346,1.0
"Maui Moisture Frizz-Free + Shea Butter Leave-in Conditioning Mist, Curly Hair Styling, No Drying Alcohols, Parabens or Silicone, 8oz",Maui Moisture,All Products,289,leave-in,1.0,0.0,0.16666666666666666,0.5263157894736842,0.3157894736842105,0.30612244897959184,0.0
"Maui Moisture Heal & Hydrate + Shea Butter Conditioner to Repair & Deeply Moisturize Tight Curly Hair with Coconut & Macademia Oils, Vegan, Silicone, Paraben & Sulfate-Free, 13 fl oz",Maui Moisture,All Products,289,conditioner,1.0,0.0,0.16666666666666666,0.5263157894736842,0.3157894736842105,0.30612244897959184,0.0
"Maui Moisture Curl Quench + Coconut Oil Curl-Defining Anti-Frizz Conditioner to Hydrate and Detangle Tight Curly Hair, Softening Conditioner, Vegan, Silicone & Paraben-Free, 13 fl oz",Maui Moisture,All Products,284,conditioner,0.0,1.0,0.3333333333333333,0.26666666666666666,0.4666666666666667,0.24242424242424243,1.0
"Sheamoisture Curling Gel Souffle for Thick, Curly Hair Coconut and Hibiscus to Moisturize and Protect Hair 12 oz",SheaMoisture,Coconut and Hibiscus,283,gel/custard,1.0,0.0,0.5714285714285714,-0.6538461538461539,0.8888888888888888,0.3125,0.0
"Carol’s Daughter Black Vanilla Moisture & Shine Hydrating Hair Conditioner for Dry Hair and Dull Hair, with Shea Butter, Biotin and Vitamin B5, 12 fl oz",Carol's Daughter,Shampoos and Conditioners,280,conditioner,1.0,0.0,0.4166666666666667,0.6,0.4444444444444444,0.3404255319148936,0.0
"Pacifica Beauty, Pineapple Curls Curl Defining Cream, For Curly, Coily and Textured Hair Types, Fresh Pineapple Scent, With Hyaluronic Acid + Coconut Oil, Silicone Free, 100% Vegan and Cruelty Free",Pacifica,Hair,275,cream,1.0,1.0,0.4838709677419355,0.34782608695652173,0.5161290322580645,-0.21212121212121213,1.0
"Pacifica Beauty, Pineapple Curls Curl Defining Natural Conditioner, For Curly, Coily and Textured Hair Types, Fresh Pineapple Scent, Sulfate Free and Silicone Free, 100% Vegan and Cruelty Free",Pacifica,Hair,275,conditioner,1.0,1.0,0.4838709677419355,0.34782608695652173,0.5161290322580645,-0.21212121212121213,1.0
"Pacifica Beauty Pineapple Curls Defining Shampoo + Pineapple Curls Defining Conditioner | Hyaluronic Acid | For Curly and Textured Hair | 100% Vegan & Cruelty Free | Sulfate, Silicone + Paraben Free",Pacifica,Hair,275,"shampoo, conditioner",1.0,1.0,0.4838709677419355,0.34782608695652173,0.5161290322580645,-0.21212121212121213,1.0
"Pacifica Beauty Pineapple Curls Pomade| Hyaluronic Acid | For Curly and Textured Hair | 100% Vegan & Cruelty Free | Sulfate, Silicone + Paraben Free",Pacifica,Hair,275,,1.0,1.0,0.4838709677419355,0.34782608695652173,0.5161290322580645,-0.21212121212121213,1.0
"Pacifica Beauty Pineapple Hydrate Curl Nourishing Hair Mask, 100% Vegan & Cruelty Free, Coconut, 6 Fl.Oz",Pacifica,Hair,275,mask,1.0,1.0,0.4838709677419355,0.34782608695652173,0.5161290322580645,-0.21212121212121213,1.0
"Pacifica Beauty, Pineapple Curls Refresher Mist, Refresher Spray for Curls, Coils and Waves, For Textured Curly Hair, 100% Vegan and Cruelty Free, Sulfate and Paraben Free, Clean Hair Care, 4 Fl Oz",Pacifica,Hair,275,,1.0,1.0,0.4838709677419355,0.34782608695652173,0.5161290322580645,-0.21212121212121213,1.0
"GIOVANNI L.A. Hold Hair Spritz, 5 oz. Maximum Hold Styling Spray, Retains Style and Adds Shine (Pack of 3)",Giovanni,Curly Girl Products,272,,0.0,0.0,0.8,0.6666666666666666,0.0,0.3,1.0
"Maui Moisture Flexible Hold + Coconut Milk Curl Foam Mousse, for Curly Hair Styling, No Drying Alcohols, Parabens or Silicone, 8.5oz",Maui Moisture,All Products,264,mousse/foam,0.0,1.0,0.2916666666666667,0.21052631578947367,0.0,0.047619047619047616,0.625
"Carol's Daughter Monoi Repairing Hair Mask, 4 fl; oz.",Carol's Daughter,Masks and Treatments,262,mask,0.0,0.0,0.9130434782608695,0.8275862068965517,0.8823529411764706,0.6730769230769231,0.0
"Carol’s Daughter Monoi Deeply Repairing Hair Mask with Monoi Oil Made From Tahitian Tiare Gardenia Flowers and Coprah Coconut Oil and No Parabens, 7 oz",Carol's Daughter,Masks and Treatments,262,mask,0.0,0.0,0.9130434782608695,0.8275862068965517,0.8823529411764706,0.6730769230769231,0.0
"Curls Blueberry Bliss Curl Control Paste, 4 Ounces",Curls,Blueberry Bliss,245,,0.0,0.0,1.0,0.75,0.8181818181818182,0.8,0.0
"Shea Moisture 100% Virgin Coconut Oil Leave-in Treatment, Shine Curly and Tame Frizz for Tangle-Free Hair, All Natural certified Organic, 8 Ounce",SheaMoisture,100% Virgin Coconut Oil,233,leave-in,0.0,0.0,0.42857142857142855,1.0,0.5,0.782608695652174,1.0
"Carol’s Daughter Wash Day Delight Love at First Wash Water To Foam Sulfate Free Shampoo with Aloe and Micellar Water, Paraben Free, Silicone Free, Micellar Shampoo for Kinky, Curly Hair, 16.9 fl oz",Carol's Daughter,Shampoos and Conditioners,231,"shampoo, mousse/foam",0.0,1.0,0.625,0.6521739130434783,0.2,0.0851063829787234,1.0
"Shea Moisture Skin Care, Coconut & Hibiscus Illuminating Hand and Body Scrub, Gluten Free Vitamin E, Restores Radiant Healthy Glow to Dull Skin, 2 jars - 12 oz ea.",SheaMoisture,Coconut and Hibiscus,231,,0.0,0.0,0.3333333333333333,1.0,0.0,0.34782608695652173,0.0
"Carol’s Daughter Black Vanilla Moisture & Shine Hair Sheen for Dry Hair and Dull Hair, with Shea Butter, Jojoba Oil, and Sweet Almond Oil, Paraben Free Hair Sheen, 4.3 fl oz",Carol's Daughter,Masks and Treatments,226,,1.0,0.0,0.25,0.5555555555555556,1.0,0.38095238095238093,0.0
"Carol’s Daughter Black Vanilla Moisture & Shine Hair Sheen for Dry Hair and Dull Hair, with Shea Butter, Jojoba Oil, and Sweet Almond Oil, Paraben Free Hair Sheen, 4.3 fl oz",Carol's Daughter,Styling,226,,1.0,0.0,0.25,0.5555555555555556,1.0,0.38095238095238093,0.0
"Carol’s Daughter Black Vanilla Moisture and Shine Pure Hair Oil For Dry Hair and Dull Hair, with Calendula, Chamomile and Safflower, Silicone Free Hair Oil, Paraben Free, 4.3 fl oz (Packaging May Vary)",Carol's Daughter,Masks and Treatments,221,,0.0,0.0,0.3333333333333333,0.5714285714285714,1.0,0.6896551724137931,1.0
"Carol’s Daughter Black Vanilla Moisture and Shine Pure Hair Oil For Dry Hair and Dull Hair, with Calendula, Chamomile and Safflower, Silicone Free Hair Oil, Paraben Free, 4.3 fl oz (Packaging May Vary)",Carol's Daughter,Styling,221,,0.0,0.0,0.3333333333333333,0.5714285714285714,1.0,0.6896551724137931,1.0
"OGX, Maui Moisture Strength AntiBreakage + Moisturizing Agave Conditioner for Color Treated or Chemically Damaged Hair Vegan Silicone ParabenFree SulfateFree Surfactants, hibiscus, 13 Fl Oz",Maui Moisture,All Products,214,conditioner,1.0,1.0,1.0,0.45454545454545453,0.5,0.18181818181818182,1.0
"Maui Moisture Strength & Anti-Breakage + Moisturizing Agave Shampoo for Color Treated or Chemically Damaged Hair, Vegan, Silicone- & Paraben-Free with Sulfate-Free Surfactants, 13 fl oz",Maui Moisture,All Products,214,shampoo,1.0,1.0,1.0,0.45454545454545453,0.5,0.18181818181818182,1.0
SheaMoisture 100% Virgin Coconut Oil Daily Hydration Shampoo & Conditioner | 13 fl. oz. Each,SheaMoisture,100% Virgin Coconut Oil,205,"shampoo, conditioner",-1.0,0.0,0.4666666666666667,-0.375,0.3,-0.1,1.0
"GIOVANNI Mousse Air-Turbo Charged Hair Styling Foam, 7 oz. , Lightweight for Natural Curls, Medium to Firm Hold, Wash & Go, No Parabens, Color Safe (Pack of 3)",Giovanni,Curly Girl Products,199,mousse/foam,0.0,0.0,0.6857142857142857,0.625,0.35294117647058826,0.76,0.6470588235294118
"GIOVANNI Shine of the Times Finishing High-Gloss Hair Mist, 4.3 oz. - Smoothing Anti Frizz Hair Gloss, No Parabens, Color Safe (Pack of 1)",Giovanni,Curly Girl Products,199,,0.0,0.0,0.5333333333333333,1.0,0.7058823529411765,0.7272727272727273,1.0
"Shea Moisture Manuka Honey & Mafura Oil Intensive Hydration Hair Masque, with African Rock Fig & Baobab Oil, 12 Ounce - 2 pack",SheaMoisture,Manuka Honey and Mafura Oil,197,mask,0.8,1.0,1.0,1.0,1.0,0.8888888888888888,0.0
"Carol’s Daughter Monoi Repairing Conditioner with Monoi Oil, Bamboo Water and Pro Vitamin B5 for Strength and Less Breakage, 8.5 fl oz",Carol's Daughter,Shampoos and Conditioners,195,conditioner,0.0,0.0,0.85,0.8666666666666667,1.0,0.76,0.0
"GIOVANNI Smooth As Silk Deeper Moisture Conditioner, 8.5 oz. Calms Frizz, Detangles, Wash & Go, Co Wash, No Parabens, Color Safe, Sulfate Free (3 Pack)",Giovanni,Curly Girl Products,188,conditioner,1.0,0.0,0.5714285714285714,0.8571428571428571,0.5,0.6,1.0
"Carol's Daughter Wash Day Delight Sulfate Free Clarifying Shampoo and Conditioner Set with Aloe ($22 Value) - For Curly, Natural Hair, 2 Full Size Products",Carol's Daughter,Shampoos and Conditioners,180,"shampoo, conditioner",-0.14285714285714285,0.0,0.6923076923076923,0.45454545454545453,0.2,0.40625,0.0
"Maui Moisture Curl Quench + Coconut Oil Curl-Defining Anti-Frizz Shampoo to Hydrate and Detangle Tight Curly Hair, Softening Shampoo, Vegan, Silicone & Paraben-Free, 13 fl oz",Maui Moisture,All Products,174,shampoo,0.0,-1.0,0.42857142857142855,0.25,0.6,0.15,0.0
"GIOVANNI L.A. Hold Styling Gel, 6.8 oz. Extreme Hold Surface Enhancers, Lightweight, Wash & Go, No Parabens or Phthalates (Pack of 3)",Giovanni,Curly Girl Products,168,gel/custard,0.0,0.0,0.4444444444444444,0.8333333333333334,0.4375,0.4,0.0
"GIOVANNI Wicked Texture The Definition Of Pomade oz. Adds Separation to Shape Smooth Texture for Ease of Use Washes Out Easily No Parabens Color Safe, Multi, Styling Glue, 2 Ounce",Giovanni,Curly Girl Products,167,,0.0,0.0,0.3076923076923077,0.8181818181818182,0.0,0.2222222222222222,0.3333333333333333
"Defunk Hair Odor Neutralizing Tonic, 8 oz",Uncle Funky's Daughter,Cleansers,166,,0.0,0.0,0.0,0.5,0.0,1.0,0.0
SheaMoisture Hydrate & Repair Conditioner for Damaged Hair Manuka Honey & Yogurt Shea Butter 13 oz,SheaMoisture,Manuka Honey and Yogurt,160,conditioner,0.0,1.0,0.0,0.4666666666666667,0.5,-0.1111111111111111,0.0
"SheaMoisture Hydrate & Repair Moisture Shampoo for Damaged Hair Manuka Honey Moisturizing with Shea Butter, Honey & Yogurt, 13 Oz",SheaMoisture,Manuka Honey and Yogurt,160,shampoo,0.0,1.0,0.0,0.4666666666666667,0.5,-0.1111111111111111,0.0
"GIOVANNI Eco Chic Smooth as Silk Deeper Moisture Conditioner, 8.5 oz. - Apple + Aloe Extracts, Calms Frizz, Detangles, Wash & Go, Lauryl & Laureth Sulfate Free, Paraben Free, Color Safe",Giovanni,Curly Girl Products,159,conditioner,1.0,0.0,0.75,0.5714285714285714,0.7692307692307693,0.5652173913043478,-0.5
"CAKE Beauty The Locks Smith Dry Styling, Hydrating Dry Conditioner Spray,White, 4.7 Ounce (Pack of 1)",Cake Beauty,Hair,155,conditioner,0.0,0.0,-0.16666666666666666,1.0,0.6,0.06382978723404255,1.0
"SheaMoisture Anti-Breakage Spray, Jamaican Black Castor Oil Heat Protectant with Shea Butter, 8 Fl Oz",SheaMoisture,Jamaican Black Castor Oil,155,,0.0,0.0,0.5,0.5,0.5,0.3888888888888889,0.0
"Carol's Daughter Almond Milk Ultra Nourishing Mask, 12 fl oz",Carol's Daughter,Masks and Treatments,149,mask,1.0,0.0,0.8181818181818182,0.875,1.0,0.8,0.0
"Maui Moisture Lightweight Hydration + Hibiscus Water Conditioner for Daily Moisture, No Sulfates, 13 fl oz",Maui Moisture,All Products,144,conditioner,1.0,0.0,0.375,0.0,0.6666666666666666,0.11764705882352941,1.0
"Maui Moisture Lightweight Hydration + Hibiscus Water Shampoo for Daily Moisture, No Sulfates, 13 fl oz",Maui Moisture,All Products,141,shampoo,0.5,0.0,0.6666666666666666,0.6666666666666666,0.5,0.15789473684210525,0.0
"SheaMoisture Kids Shampoo, Detangler and Cream For Moisture and Shine Coconut and Hibiscus Sulfate Free Kids Shampoo and Conditioner, 3.0 Count",SheaMoisture,Coconut and Hibiscus,140,"shampoo, conditioner",0.0,0.0,0.45454545454545453,1.0,1.0,0.7272727272727273,0.0
"Curls Blueberry Bliss Reparative Hair Mask, 8 Ounces",Curls,Blueberry Bliss,139,mask,0.3333333333333333,1.0,0.8666666666666667,0.9090909090909091,1.0,0.9166666666666666,0.0
"Maui Moisture Shine + Awapuhi Moisturizing Vegan Conditioner with Oils for Shiny Hair Silicone & SulfateFree Surfactant Aloe Conditioner to Hydrate Detangle Hair, Coconut, 13 Fl Oz",Maui Moisture,All Products,136,conditioner,0.0,0.0,1.0,0.5384615384615384,0.6666666666666666,0.375,1.0
"Maui Moisture Shine + Awapuhi Moisturizing Vegan Shampoo with Coconut Oils for Shiny Hair, Silicone-Free & Sulfate-Free Surfactant Aloe Shampoo to Detangle & Hydrate Dull Hair, 13 fl. Oz",Maui Moisture,All Products,136,shampoo,0.0,0.0,1.0,0.5384615384615384,0.6666666666666666,0.375,1.0
"Curls Blueberry & Mint Tea Scalp Treatment, 4 Ounces",Curls,Blueberry Bliss,135,,0.0,0.0,-1.0,0.6,0.0,0.6956521739130435,1.0
"SheaMoisture Baby Wash and Shampoo for Baby 100% Virgin Coconut Oil, 13 Fl Oz",SheaMoisture,100% Virgin Coconut Oil,134,shampoo,0.0,0.0,1.0,0.6666666666666666,1.0,0.3333333333333333,0.0
Not Your Mother's Naturals Curl Definition Shampoo (2-Pack) - 15.2 fl oz - Tahitian Gardenia Flower & Mango Butter - Moisturize and Enhance Curls,Not Your Mother's,Naturals,133,shampoo,1.0,0.0,0.375,-0.16666666666666666,0.3,-0.38461538461538464,1.0
Not Your Mother's Naturals Curl Definition Conditioner (2-Pack) - 15.2 fl oz - Tahitian Gardenia Flower & Mango Butter - Moisturize and Enhance Curls,Not Your Mother's,Naturals,133,conditioner,1.0,0.0,0.375,-0.16666666666666666,0.3,-0.38461538461538464,1.0
Not Your Mother's Naturals Curl Definition Shampoo and Conditioner (2-Pack) - 15.2 fl oz - Tahitian Gardenia Flower & Mango Butter - Moisturize and Enhance Curls,Not Your Mother's,Naturals,133,"shampoo, conditioner",1.0,0.0,0.375,-0.16666666666666666,0.3,-0.38461538461538464,1.0
"Carol's Daughter Detangling Jelly-to-Cream Conditioner With Glycerin and Rose Water, Moisturizing Conditioner for Curly Hair Paraben Free for Moisture, Hydration, and Shine, Curl Conditioner 20 Oz",Carol's Daughter,Shampoos and Conditioners,132,"conditioner, gel/custard",1.0,0.0,1.0,0.8,0.6,0.5882352941176471,0.0
Not Your Mother's Naturals Weightless Hydration Shampoo and Conditioner (2-Pack) - 15.2 fl oz - Blue Sea Kale & Pure Coconut Water - Hydration to Revitalize Hair,Not Your Mother's,Naturals,126,"shampoo, conditioner",0.0,0.0,0.3333333333333333,0.125,0.0,-0.5,0.0
"Not Your Mother's Not Your Mother's Naturals Sicilian Blood Orange Smooth and Soften Shampoo + Conditioner Set - 16 Oz (1 Of Each), 32 ounces",Not Your Mother's,Naturals,126,"shampoo, conditioner",0.0,0.0,0.3333333333333333,0.125,0.0,-0.5,0.0
Not Your Mother's Naturals Aquatic Mint Blue Sea Holly Shampoo + Conditioner Set - 16 Oz (1 Of Each),Not Your Mother's,Naturals,126,"shampoo, conditioner",0.0,0.0,0.3333333333333333,0.125,0.0,-0.5,0.0
SheaMoisture Hydrate & Repair conditioner For Damaged Hair Manuka Honey & Yogurt Shea Butter Shampoo and Conditioner 13oz,SheaMoisture,Manuka Honey and Yogurt,122,"shampoo, conditioner",0.0,0.0,-0.6666666666666666,-0.125,-0.3333333333333333,0.05,0.0
"12oz, MopTop Salon Gentle Shampoo, Sulfate & Paraben Free, Color Safe, Natural, for All Hair Types, made w/Aloe & Honey that reduces Frizz, increases Moisture & Manageability for Smooth, Silky Hair",Moptop,Shampoo,119,shampoo,1.0,0.0,0.6666666666666666,0.4444444444444444,0.71875,0.5909090909090909,0.0
"8oz, MopTop Salon Anti-Frizz Medium Hold Gel for Curly & Kinky-Coily Thick, Natural hair made w/ Aloe, Sea Botanicals & Honey reduces Frizz, increases Manageability & Enhances Curls.",Moptop,Gel,119,gel/custard,1.0,0.0,0.6666666666666666,0.4444444444444444,0.71875,0.5909090909090909,0.0
"MopTop Salon Anti-Frizz Medium Hold Gel for Curly & Kinky-Coily Thick, Natural hair made w/ Aloe, Sea Botanicals & Honey reduces Frizz, increases Manageability & Enhances Curls- Citrus Medley 32oz …",Moptop,Gel,119,gel/custard,1.0,0.0,0.6666666666666666,0.4444444444444444,0.71875,0.5909090909090909,0.0
"MopTop Salon Gentle Shampoo, Sulfate & Paraben Free, Color Safe, Natural, All Hair Types, w/Aloe/Honey that reduces Frizz, increases Moisture & Manageability for Smooth Silky Hair Lavender Mint",Moptop,Shampoo,119,shampoo,1.0,0.0,0.6666666666666666,0.4444444444444444,0.71875,0.5909090909090909,0.0
"Maui Moisture Lightweight Curls + Flaxseed Curl Refresher Mist, Conditioning and Moisturizing Spray with Aloe Vera, Flaxseed Oil, Coconut Water, Vegan, Paraben Free, Silicone Free, 8oz",Maui Moisture,All Products,118,,-1.0,0.0,0.75,0.2857142857142857,0.4666666666666667,0.06666666666666667,1.0
"Carol's Daughter Goddess Strength 4 Full Size Products Hair Care Set - Sulfate Free Shampoo, Conditioner, Leave In, Scalp & Hair Oil Treatment- For Curly, Natural Hair",Carol's Daughter,Shampoos and Conditioners,118,"shampoo, conditioner, leave-in",0.0,0.0,0.3333333333333333,0.5,0.0,0.23529411764705882,1.0
"Cake Beauty The Do Gooder Volumizing Dry Shampoo, 200 ML",Cake Beauty,Hair,116,shampoo,0.0,0.0,0.14285714285714285,1.0,1.0,0.17307692307692307,-0.16666666666666666
Sheamoisture Daily Hydrating Conditioner For All Hair Types 100% Virgin Coconut Oil Sulfate-Free 13 oz,SheaMoisture,100% Virgin Coconut Oil,116,conditioner,1.0,0.0,0.4444444444444444,0.0,0.6666666666666666,0.4,0.0
"Shea Moisture Coconut & Hibiscus Dead Sea Salt Muscle Relief Mineral Soak for Unisex, 20 Ounce",SheaMoisture,Coconut and Hibiscus,114,,0.0,0.0,0.0,0.0,0.0,0.6666666666666666,0.0
"Maui Moisture Curl Quench + Coconut Oil Ultra-Hold Gel, for Curly Hair Styling, Vegan, No Drying Alcohols, Paraben Free, Silicone Free, 12oz",Maui Moisture,All Products,107,gel/custard,0.0,0.0,0.625,0.8571428571428571,0.5294117647058824,0.0,1.0
"Carol’s Daughter Almond Milk Restoring Conditioner for Extremely Damaged Hair and Over Processed Hair, 12 fl oz , 12 fl oz",Carol's Daughter,Shampoos and Conditioners,105,conditioner,1.0,1.0,0.8,0.6666666666666666,0.5555555555555556,0.5625,1.0
"Cake Beauty Hold Out Flexible Vegan Hairspray with Vitamin E - Lightweight Hairspray for Volume, Hold & Anti Frizz - Sulfate Free & Cruelty Free Hair Spray - Curly Hair Styling Products for Women",Cake Beauty,Hair,105,,0.0,0.0,0.25,1.0,0.0,-1.0,1.0
"GIOVANNI More Body Gel, 6.8 oz. - Volumizing Style, Hair Thickener, Plumps Hair, Seals Split Ends, Adds Shine, Paraben-Free, Color Safe",Giovanni,Curly Girl Products,105,gel/custard,0.0,0.0,0.8181818181818182,0.5555555555555556,1.0,-0.14285714285714285,0.1111111111111111
"Pacifica Beauty Rosemary Detox Scalp Scrub, For All Hair Types, Vegan & Cruelty Free, 4 Fl Oz",Pacifica,Hair,104,,0.0,0.0,0.7142857142857143,-0.4,0.0,0.5,0.0
"Pacifica Beauty Scalp Love Rosemary Mint Serum Purifies Revives Scalp Vegan CrueltyFree, Clear, 2 Fl Oz",Pacifica,Hair,104,,0.0,0.0,0.7142857142857143,-0.4,0.0,0.5,0.0
Pacifica Beauty | Scalp Love Rosemary Mint Serum + Rosemary Detox Scalp Scrub | Gently Exfoliates and Remove Product Buildup | Purify and Revive Your Scalp | 100% Vegan and Cruelty Free,Pacifica,Hair,104,,0.0,0.0,0.7142857142857143,-0.4,0.0,0.5,0.0
Pacifica Strong and Long Moisturizing Conditioner - Coconut Power 8 oz,Pacifica,Hair,101,conditioner,0.0,0.0,0.7142857142857143,0.625,0.5,0.0,0.0
"Pacifica Beauty Coconut Power Strong & Long Moisturizing Shampoo for Dry + Damaged Hair, 100% Vegan & Cruelty Free, Sulfate + Paraben Free, White, 2 Count",Pacifica,Hair,101,shampoo,0.0,0.0,0.7142857142857143,0.625,0.5,0.0,0.0
"Pacifica Strong and Long Moisturizing Shampoo - Coconut Power 12 oz, Clear",Pacifica,Hair,101,shampoo,0.0,0.0,0.7142857142857143,0.625,0.5,0.0,0.0
"SheaMoisture Curl Enhancing Smoothie for Thick, Curly Hair Coconut & Hibiscus to Reduce Frizz, 6 Oz",SheaMoisture,Coconut and Hibiscus,100,,0.0,0.0,0.45454545454545453,-0.3333333333333333,0.8,0.4,1.0
"SheaMoisture Coconut Oil and Hibiscus Illuminating Body Lotion for Dull, Dry Skin, 13 Fl Oz",SheaMoisture,Coconut and Hibiscus,97,,0.0,0.0,1.0,0.40625,0.0,0.6666666666666666,0.0
"Carol’s Daughter Wash Day Delight Detangling Jelly-To-Cream Conditioner with Glycerin and Aloe, Paraben-Free for Moisture, Hydration and Shine, Moisturizing Conditioner for Curly Hair with Aloe, 20 Oz",Carol's Daughter,Shampoos and Conditioners,96,"conditioner, gel/custard",0.3333333333333333,0.0,1.0,0.8181818181818182,0.5,0.1111111111111111,0.0
"Cake Beauty The Two Timer Suds Free Cleansing Conditioner, 10 Ounce",Cake Beauty,Hair,94,conditioner,0.0,0.0,0.0,0.6,1.0,-0.25,1.0
"Shea Moisture Coconut & Hibiscus Kids Curling Butter Cream, 6 Ounce, 2Pack",SheaMoisture,Coconut and Hibiscus,91,cream,0.0,0.0,1.0,0.8333333333333334,1.0,0.5,0.0
"Curls Aloe & Blueberry Juice Curl Moisturizer, 8 Ounces",Curls,Blueberry Bliss,90,,1.0,0.0,1.0,0.25,0.14285714285714285,0.42857142857142855,1.0
"SheaMoisture Kids Coconut & Hibiscus Curling Butter Crème, 6 Ounce",SheaMoisture,Coconut and Hibiscus,88,,0.0,0.0,1.0,0.6666666666666666,1.0,0.6,0.0
"Curls Blueberry Hair and Scalp Oil, 4 Ounces",Curls,Blueberry Bliss,86,,0.0,0.0,1.0,1.0,1.0,0.42857142857142855,0.0
"Carol’s Daughter Goddess Strength Fortifying Paraben Free Conditioner with Castor Oil, Black Seed Oil and Ginger, For Weak, Breakage Prone Hair, 11 fl oz",Carol's Daughter,Shampoos and Conditioners,82,conditioner,1.0,0.0,1.0,1.0,0.6,0.8888888888888888,0.0
"Carol's Daughter Wash Day Delight Water-to-Foam Sulfate Free Vegan Shampoo with Rose Water and Micellar Technology, Paraben Free, Silicone Free, Best for Kinky, Curly Hair, 16.9 fluid ounces",Carol's Daughter,Shampoos and Conditioners,81,"shampoo, mousse/foam",0.0,0.0,0.3333333333333333,0.4,1.0,0.23529411764705882,-1.0
"Not Your Mothers Naturals Curl Defining Hair Care Set, Tahitian Gardenia Flower and Mango Butter, Shampoo, Conditioner and Curl Defining Cream",Not Your Mother's,Naturals,81,"shampoo, conditioner",0.0,0.0,0.0,0.0,0.4,0.3333333333333333,0.0
"Curls Blueberry Bliss Curl Control Paste, 4 Ounces (Pack of 2)",Curls,Blueberry Bliss,80,,0.0,1.0,1.0,0.3333333333333333,1.0,0.6666666666666666,0.0
"Cake Beauty Mane Manager 3-in-1 Leave In Conditioner, 4 Ounces",Cake Beauty,Hair,79,"conditioner, leave-in",0.0,0.0,0.3333333333333333,0.8181818181818182,0.5555555555555556,0.3333333333333333,0.0
"GIOVANNI Smooth As Silk Deeper Moisture Conditioner, 33.8 oz. Calms Frizz, Detangles, Wash & Go, Co Wash, No Parabens, Color Safe, Sulfate Free, Liter Size (Pack of 1).",Giovanni,Curly Girl Products,79,conditioner,0.0,0.0,1.0,1.0,0.3333333333333333,0.25,1.0
"Maui Moisture Moisture Detoxifying + Volcanic Ash Conditioner - black , 13 Fl Oz",Maui Moisture,All Products,75,conditioner,0.0,0.0,1.0,0.5,-0.3333333333333333,0.45454545454545453,0.0
"Maui Moisture Detoxifying + Shampoo, Volcanic Ash, 13 Fl Oz",Maui Moisture,All Products,75,shampoo,0.0,0.0,1.0,0.5,-0.3333333333333333,0.45454545454545453,0.0
"Maui Moisture Detoxifying Volcanic Ash Scalp Care Mask, Coconut, 12 Ounce",Maui Moisture,All Products,75,mask,0.0,0.0,1.0,0.5,-0.3333333333333333,0.45454545454545453,0.0
Sheamoisture Styling Lotion for Damaged Natural Hair Jamaican Black Castor Oil Silicone Free Hair Treatment 8 oz,SheaMoisture,Jamaican Black Castor Oil,73,,1.0,0.0,1.0,0.0,1.0,0.0625,0.0
"Cake Beauty Posh Wash Sulfate-free Swirl Shampoo, 10 Ounces",Cake Beauty,Hair,72,shampoo,0.0,0.0,0.6,0.6,0.3333333333333333,-0.1,-1.0
"GIOVANNI Eco Chic Styling Glue Custom Hair Modeler, 2 oz. - Firm Hold - Spike, Sculpt, Shape, Customize Style, No Parabens, Color Safe",Giovanni,Curly Girl Products,70,,0.0,0.0,1.0,0.3333333333333333,1.0,0.3333333333333333,0.0
Sheamoisture Hydration Hair Milk for Dry Hair Manuka Honey and Mafura Oil to Hydrate and Style Hair 8 oz,SheaMoisture,Manuka Honey and Mafura Oil,67,,-1.0,0.0,0.25,0.0,0.25,0.35714285714285715,1.0
"Carol’s Daughter Goddess Strength Fortifying Sulfate Free Shampoo with Castor Oil, Black Seed Oil and Ginger, for Weak, Breakage Prone Hair, Paraben Free, 11 fl oz",Carol's Daughter,Shampoos and Conditioners,67,shampoo,0.0,0.0,0.8571428571428571,1.0,0.0,0.7777777777777778,0.0
"Curls Blueberry Liquid Hair Vitamin, 8 Ounces",Curls,Blueberry Bliss,64,,0.0,0.0,0.0,0.875,0.0,1.0,0.0
"Pacifica Beauty Salty Waves Texturizing and Moisturizing Conditioner, For All Hair Types, Vegan & Cruelty Free, 8 Fl Oz",Pacifica,Hair,64,conditioner,1.0,0.0,1.0,1.0,0.6666666666666666,0.42857142857142855,0.8888888888888888
Pacifica Beauty Salty Waves Texturizing Shampoo + Salty Waves Texturizing Conditioner | For All Hair Types | Perfect and Effortless Beach Hair | 100% Vegan & Cruelty Free | Sulfate + Paraben Free,Pacifica,Hair,64,"shampoo, conditioner",1.0,0.0,1.0,1.0,0.6666666666666666,0.42857142857142855,0.8888888888888888
"Pacifica Beauty Salty Waves Hydrating and Texturizing Shampoo, Revives Dry, Damaged Hair, Vegan and Cruelty Free, 12 Fl Oz",Pacifica,Hair,64,shampoo,1.0,0.0,1.0,1.0,0.6666666666666666,0.42857142857142855,0.8888888888888888
"Curls Blueberry Bliss Reparative Hair Wash, 8 Ounces",Curls,Blueberry Bliss,63,,1.0,0.0,0.0,1.0,1.0,0.25,0.0
"Curls Blueberry Bliss Reparative Leave In Conditioner, 8 Ounces (Pack of 2)",Curls,Blueberry Bliss,62,"conditioner, leave-in",1.0,0.0,0.6,1.0,1.0,0.6666666666666666,0.0
"MopTop Curly Hair Custard Gel for Fine, Thick, Wavy, Curly & Kinky-Coily Natural hair, Anti Frizz Curl Moisturizer, Definer & Lightweight Curl Activator w/ Aloe, great for Dry Hair, 16 oz.",Moptop,Gel,59,gel/custard,0.6666666666666666,0.0,1.0,1.0,1.0,0.9230769230769231,0.0
"Pacifica Beauty, Pineapple Curls Curl Enhancing Natural Shampoo, For Curly, Coily, & Textured Hair Types, Fresh Pineapple Scent, Hyaluronic Acid + Argan Oil, Silicone Free, Vegan + Cruelty Free",Pacifica,Hair,58,shampoo,0.0,0.0,0.14285714285714285,-0.16666666666666666,-0.3333333333333333,-0.5555555555555556,0.0
"Pacifica Beauty Salty Waves Texture Spray, 4 Fl Oz",Pacifica,Hair,58,,0.0,0.0,0.2857142857142857,0.3333333333333333,0.0,0.5714285714285714,0.5
Sheamoisture Daily Hydration Shampoo for All Hair Types 100% Virgin Coconut Oil Sulfate-Free 13 oz,SheaMoisture,100% Virgin Coconut Oil,58,shampoo,0.0,0.0,0.14285714285714285,0.3333333333333333,1.0,0.5,1.0
"Cake Beauty The Big Big Deal Thickening Volume Shampoo, 10 Ounces",Cake Beauty,Hair,58,shampoo,0.0,0.0,0.8571428571428571,-0.14285714285714285,0.0,0.3333333333333333,0.4
"Pacifica Beauty Salty Waves Beach Hair Styling Balm, Vegan & Cruelty Free, 4 Fl Oz",Pacifica,Hair,57,,1.0,0.0,0.3333333333333333,0.0,0.6,0.4166666666666667,0.75
SheaMoisture Hair Masque for Dry Curls Coconut & Hibiscus Hair Mask with Shea Butter 12 oz,SheaMoisture,Coconut and Hibiscus,57,mask,1.0,0.0,1.0,0.5714285714285714,1.0,0.625,0.0
"MopTop Detox Shampoo for Fine, Thick, Wavy, Curly & Kinky-Coily Natural hair, Citrus Medley, 8oz.",Moptop,Shampoo,55,shampoo,1.0,0.0,1.0,1.0,0.0,1.0,0.0
"MopTop Detox Shampoo for Fine, Thick, Wavy, Curly & Kinky-Coily Natural hair, made with Coconut, 2oz.",Moptop,Shampoo,55,shampoo,1.0,0.0,1.0,1.0,0.0,1.0,0.0
"Cake Beauty The Wave Maker Texturizing Beach Spray, 4 Ounce",Cake Beauty,Hair,54,,1.0,0.0,0.5,0.4,0.6,1.0,0.0
Thirsty Curls,Uncle Funky's Daughter,Curl Definers,52,,0.0,1.0,0.0,0.0,0.375,0.6666666666666666,0.0
"Cake Beauty The Soft Serve Cream Rinse Conditioner, 10 Ounces",Cake Beauty,Hair,52,conditioner,0.0,0.0,0.42857142857142855,1.0,-1.0,-0.3333333333333333,1.0
SheaMoisture 100 percent Extra Virgin Coconut Oil Moisturizer and Leave-In Conditioner for Head-to-Toe Pampering Nourishing Hydration Skin and Hair Care with No Sulfates 2 Count,SheaMoisture,100% Virgin Coconut Oil,51,"conditioner, leave-in",0.0,0.0,0.0,0.0,0.0,1.0,0.0
"Carol’s Daughter Monoi Repairing Leave In Conditioner with Monoi Oil, Wheat Protein and Pro-Vitamin B5, 8 fl oz",Carol's Daughter,Leave-Ins,51,"conditioner, leave-in",0.0,0.0,0.6,0.0,1.0,0.5714285714285714,0.0
"Carol’s Daughter Monoi Repairing Leave In Conditioner with Monoi Oil, Wheat Protein and Pro-Vitamin B5, 8 fl oz",Carol's Daughter,Shampoos and Conditioners,51,"conditioner, leave-in",0.0,0.0,0.6,0.0,1.0,0.5714285714285714,0.0
"Extra Butter Curl Forming Creme, 8 oz",Uncle Funky's Daughter,Moisturizers,50,,0.0,0.0,1.0,1.0,0.75,0.0,0.0
"TRESemmé Flawless Curls Mousse with Coconut and Avocado Oil, Provides Extra Hold in a Lightweight Formula, Paraben Free and Alcohol Free, Leaves Curls Soft & Bouncy, 2 pk - 10.5 oz each",TRESemme,Curly & Wavy Hair,47,mousse/foam,0.0,0.0,1.0,0.0,1.0,1.0,0.0
"GIOVANNI Eco Chic Smooth as Silk Deeper Moisture Conditioner, 24 oz. - Apple + Aloe Extracts, Calms Frizz, Detangles, Wash & Go, Lauryl & Laureth Sulfate Free, Paraben Free, Color Safe",Giovanni,Curly Girl Products,46,conditioner,0.0,1.0,1.0,-0.5,0.0,0.16666666666666666,0.0
"Shea Moisture Manuka Honey & Mafura Oil Twist-defining Custard Moisturizer for Unisex, 12 Ounce",SheaMoisture,Manuka Honey and Mafura Oil,46,gel/custard,0.0,1.0,1.0,0.75,0.8,0.2857142857142857,0.0
Supercurl 8 Ounce,Uncle Funky's Daughter,Moisturizers,45,,0.0,0.0,1.0,0.0,1.0,0.3,1.0
"Pacifica Coconut milk detangle elixir, 7 Fl Oz",Pacifica,Hair,44,,0.0,0.0,0.5,-0.125,0.5,1.0,0.0
Pacifica Invigorating Conditioner - Rosemary Purify 8 oz,Pacifica,Hair,44,conditioner,0.0,0.0,0.0,1.0,-1.0,0.4444444444444444,1.0
Pacifica Invigorating Shampoo - Rosemary Purify 12 oz,Pacifica,Hair,44,shampoo,0.0,0.0,0.0,1.0,-1.0,0.4444444444444444,1.0
Pacifica Beauty Rosemary Purify Invigorating Shampoo + Rosemary Purify Invigorating Conditioner | Detox Scalp and Hair from Product Buildup & Excess Oil | 100% Vegan & Cruelty | Sulfate + Paraben Free,Pacifica,Hair,44,"shampoo, conditioner",0.0,0.0,0.0,1.0,-1.0,0.4444444444444444,1.0
Midnite Train,Uncle Funky's Daughter,Conditioners,43,,1.0,0.0,1.0,0.0,1.0,-1.0,0.0
"Curls Blueberry Bliss Twist-N-Shout Cream, 8 Ounces",Curls,Blueberry Bliss,42,cream,0.0,0.0,1.0,0.0,1.0,0.0,0.0
"GIOVANNI Smooth As Silk Xtreme Protein Hair Infusion, 5.1 oz. Deep Moisturizing and Frizz Calming Hair Infusion Treatment, Revitalizes Coarse & Over-Processed Hair, Paraben Free (Pack of 2)",Giovanni,Curly Girl Products,41,,0.0,0.0,0.5,1.0,1.0,0.6923076923076923,1.0
"Curls Blueberry & Coconut Hair Milk, 8 Ounces",Curls,Blueberry Bliss,41,,0.0,0.0,0.6,1.0,0.125,-0.3333333333333333,0.0
"Not Your Mother's Naturals Matcha Green Tea Shampoo & Conditioner Dual Pack, 15.2 fl oz",Not Your Mother's,Naturals,40,"shampoo, conditioner",0.0,0.0,1.0,1.0,1.0,0.0,0.0
"Curls Blueberry Liquid Hair Vitamin, 8 Ounces (Pack of 2)",Curls,Blueberry Bliss,39,,0.0,0.0,0.0,0.6,0.0,0.0,0.0
Sheamoisture 2-in-1 Shampoo and Conditioner for Kids Coconut and Hibiscus Coconut Oil for Hair and Dry Curls 8 oz,SheaMoisture,Coconut and Hibiscus,38,"shampoo, conditioner",0.0,0.0,0.0,0.5,0.0,1.0,0.0
"SheaMoisture Hair Masque for Dry Curls Coconut & Hibiscus with Shea Butter, 12 oz",SheaMoisture,Coconut and Hibiscus,33,mask,1.0,0.0,0.0,0.6666666666666666,1.0,1.0,0.0
"Not Your Mother's Naturals Royal Honey & Kalahari Melon Dry Shampoo, 14 Ounce, with Naturally Derived Ingredients, for all hair types, 7 Ounce (Pack of 2)",Not Your Mother's,Naturals,33,shampoo,0.0,0.0,0.5,0.0,0.0,0.6666666666666666,1.0
"Cake Beauty Curl Next Door Argan Oil Conditioner for Curl Enhancing - Vegan, Anti Frizz Conditioner for Dry Damaged Hair to Bounce & Shine - Sulfate Free, Paraben Free & Cruelty Free - No Residue",Cake Beauty,Hair,33,conditioner,0.0,0.0,0.0,0.0,-0.5,-0.6666666666666666,0.0
"Not Your Mother's Naturals High Moisture Coconut Milk & Marula Oil Shampoo & Conditioner Dual Pack, 16 Fl Oz",Not Your Mother's,Naturals,32,"shampoo, conditioner",0.0,0.0,-1.0,1.0,1.0,0.1111111111111111,0.0
"Cake Beauty Curl Girl Next Door Argan Oil Shampoo for Curly Hair - Aloe Vera & Vegan Anti Frizz Curl Enhancing Hydrating Shampoo for Dry Damaged Hair - Sulfate Free, Paraben Free & Cruelty Free",Cake Beauty,Hair,32,shampoo,0.0,0.0,0.0,1.0,0.0,0.0,0.0
"GIOVANNI Eco Chic Smooth As Silk Deeper Moisture Conditioner, 128 oz. (Gallon) - Apple + Aloe Extracts, Calms Frizz, Detangles, Wash & Go, Lauryl & Laureth Sulfate Free, Paraben Free, Color Safe",Giovanni,Curly Girl Products,32,conditioner,1.0,0.0,1.0,1.0,0.0,1.0,0.0
"Cake Beauty Thick Trick Volumizing Styling Foam Hair Mousse, Green Tea & Ginseng for Volume & Shine, Vegan for Women, Sulfate, Paraben & Cruelty Free, Basic, 6.8 Oz, basic (MA00268)",Cake Beauty,Hair,31,mousse/foam,0.0,0.0,0.3333333333333333,0.6,-1.0,0.2,0.42857142857142855
Not Your Mother's Naturals Repair & Nourish Shampoo and Conditioner (2-Pack) - 15.2 fl oz - Royal Honey & Kalahari Desert Melon - Rejuvenate Damaged Hair,Not Your Mother's,Naturals,31,"shampoo, conditioner",0.0,0.0,0.0,-0.5,0.0,0.0,1.0
Not Your Mother's Naturals Clarify & Detox Shampoo and Conditioner (2-Pack) - 15.2 fl oz - Activated Bamboo Charcoal & Purple Moonstone - Remove Hair Impurities & Build-Up,Not Your Mother's,Naturals,31,"shampoo, conditioner",0.0,0.0,1.0,1.0,0.0,-0.2857142857142857,0.0
"SheaMoisture Head To Toe Oil and Hair Oil for Dry Hair and Skin Jamaican Black Castor Oil Paraben Free Hair Oil, Body Oil 1.8 oz",SheaMoisture,Jamaican Black Castor Oil,31,,0.0,0.0,0.0,0.14285714285714285,0.0,0.3333333333333333,0.0
"Not Your Mother's Curl Talk Frizz Control Sculpting Gel & Defining Cream (2-Pack) - 6 fl oz - Flexible Hold for Curly Hair - Moisturize, Condition, Protect, and Enhance Curls",Not Your Mother's,Curl Talk,31,"gel/custard, cream",0.0,0.0,0.0,0.0,0.2,-0.25,0.0
SheaMoisture 100 percent Virgin Coconut Oil For All Hair Types Daily Hydration Finishing Oil Serum Silicone-Free 4.1 oz,SheaMoisture,100% Virgin Coconut Oil,30,,0.0,0.0,1.0,0.0,0.0,1.0,0.0
"Squeaky Clarifying Cleanser, 8 oz",Uncle Funky's Daughter,Cleansers,30,,1.0,0.0,1.0,0.0,0.0,0.8,0.0
"Not Your Mothers Naturals Royal Honey & Kalahari Desert Melon Hair Care Set, Shampoo, Conditioner, Leave-In Spray (Pack of 3)",Not Your Mother's,Naturals,29,"shampoo, conditioner, leave-in",0.0,0.0,0.0,0.0,-0.6666666666666666,-0.25,0.0
"﻿FuzzyDuck Kids Hair Gel, Water-soluble, Girls & Boys Hair Gel ﻿Infused w/ Aloe, Sea Botanicals, & Honey - For All Hair Types (﻿Citrus Medley, 8oz)",Moptop,Gel,29,gel/custard,0.0,0.0,1.0,0.0,0.6666666666666666,0.5,0.0
"Richee Rich Moisturizing Conditioner, 8 oz",Uncle Funky's Daughter,Conditioners,27,conditioner,-1.0,0.0,0.0,0.0,0.0,1.0,0.0
"Curls Blueberry Bliss Reparative Hair Wash, 8 Ounces and Reparative Leave In Conditioner, 8 Ounces",Curls,Blueberry Bliss,25,"conditioner, leave-in",0.0,1.0,-1.0,0.0,0.0,0.0,0.0
"GIOVANNI More Body, 6.8 oz. Volumizing Style Gel, Hair Thickener, Plumps Hair, Organic Proteins & Botanicals, Seals Split Ends, Adds Shine, Paraben Free, Color Safe (Pack of 3)",Giovanni,Curly Girl Products,25,gel/custard,0.0,0.0,1.0,0.0,1.0,0.6666666666666666,1.0
"Not Your Mother's Naturals Linseed Chia & French Plum Volume Boost Dry Shampoo, 7 Ounce, 2 count, with Naturally Derived Ingredients",Not Your Mother's,Naturals,24,shampoo,0.0,0.0,0.6666666666666666,-1.0,0.0,0.0,0.5
"Good Hair Conditioning Styling Creme, 8 oz",Uncle Funky's Daughter,Moisturizers,23,,0.0,0.0,0.0,1.0,1.0,0.5,1.0
"MopTop Deep Conditioner, Wavy, Curly & Coily, Color or Chemically Treated & Natural Hair Moisturizing Mask, made w/ Aloe, Sea Botanicals & Honey that reduces Frizz increases Moisture & Manageability",Moptop,Conditioner,22,"conditioner, mask",1.0,0.0,0.75,-1.0,1.0,0.7142857142857143,-1.0
"Curls Blueberry Bliss Reparative Hair Mask, 8 Ounces (Pack of 2)",Curls,Blueberry Bliss,21,mask,0.0,0.0,0.0,0.6666666666666666,0.0,-0.6666666666666666,0.0
"100% Virgin Coconut Oil Clay Shampoo Bar, 4.5 Ounce (Pack of 1)",SheaMoisture,100% Virgin Coconut Oil,21,shampoo,0.0,0.0,1.0,1.0,0.0,0.2,1.0
"MopTop Curly Hair Custard Gel for Fine, Thick, Wavy, Curly & Kinky-Coily Natural hair, Anti Frizz Curl Moisturizer, Definer & Lightweight Curl Activator w/ Aloe, great for Dry Hair. (8oz3Pkt)",Moptop,Gel,21,gel/custard,1.0,0.0,1.0,0.0,1.0,1.0,0.0
"Curls Blueberry Hair and Scalp Oil, 4 Ounces (Pack of 2)",Curls,Blueberry Bliss,20,,0.0,0.0,0.0,0.0,1.0,1.0,0.0
Heal & Renew,Uncle Funky's Daughter,Conditioners,20,,0.0,0.0,-1.0,0.3333333333333333,0.5,1.0,0.0
"Cake Beauty The Big Wig Thickening Volume Conditioner, 10 Ounces",Cake Beauty,Hair,19,conditioner,0.0,0.0,0.0,0.75,0.0,-1.0,0.6666666666666666
Rich & Funky Moisturizing Shampoo,Uncle Funky's Daughter,Cleansers,18,shampoo,0.0,0.0,0.0,1.0,1.0,-1.0,0.0
"Carol’s Daughter Monoi Multi Styling Milk, Lightweight Protective Leave In Conditioner with Monoi Oil for Dry, Damaged and Breakage Prone Hair To Repair and Protect as You Style, 6.8 fl oz",Carol's Daughter,Styling,17,"conditioner, leave-in",0.0,0.0,0.0,0.0,0.0,1.0,0.0
"Carol’s Daughter Monoi Multi Styling Milk, Lightweight Protective Leave In Conditioner with Monoi Oil for Dry, Damaged and Breakage Prone Hair To Repair and Protect as You Style, 6.8 fl oz",Carol's Daughter,Leave-Ins,17,"conditioner, leave-in",0.0,0.0,0.0,0.0,0.0,1.0,0.0
"TRESemmé Conditioner Sulfate-Free for Curly Hair Pro Care Curls are Defined, Hydrated, and Frizz-Free 20 oz 4 Count",TRESemme,Curly & Wavy Hair,17,conditioner,1.0,0.0,1.0,0.0,1.0,0.2,0.0
"Sheamoisture Daily Hydration Styling Gel 100% Virgin Coconut Oil Hydrating, Alcohol-Free Hair Gel 8 oz",SheaMoisture,100% Virgin Coconut Oil,17,gel/custard,0.0,1.0,1.0,0.0,1.0,1.0,0.0
"Carol’s Daughter Monoi Repair and Moisture for Curly Hair Monoi Star Strength Leave In Cream with Monoi Oil for Hydration and Softness, 8.5 fl oz",Carol's Daughter,Leave-Ins,16,"leave-in, cream",0.0,0.0,1.0,1.0,0.6666666666666666,0.4,0.0
Glossy,Uncle Funky's Daughter,Curl Definers,15,,0.0,0.0,-1.0,0.0,0.0,0.0,0.0
"TRESemmé Shampoo Shampoo for Curly Hair Pro Care Curls Curly Hair Shampoo Leaves Curls Defined, Hydrated, and Frizz-Free 20 oz 4 Count",TRESemme,Curly & Wavy Hair,14,shampoo,0.0,0.0,1.0,0.0,1.0,1.0,0.0
"Cake Beauty The Gloss Boss Dry Styling Oil, 4 Ounces",Cake Beauty,Hair,13,,0.0,0.0,0.0,0.0,0.3333333333333333,1.0,0.0
"GIOVANNI Shine of the Times Finishing High-Gloss Hair Mist, 4.3 oz. Smoothing Anti Frizz Hair Gloss, No Parabens, Color Safe (Pack of 3)",Giovanni,Curly Girl Products,13,,0.0,0.0,-1.0,1.0,-1.0,1.0,0.0
SheaMoisture In-Shower Soap and Body Wash Conditioner for Dry Skin Coconut & Hibiscus Coconut 8 oz,SheaMoisture,Coconut and Hibiscus,13,conditioner,0.0,0.0,0.0,1.0,0.0,0.6666666666666666,0.0
"Maui Moisture Strength & Length + Castor & Neem Oil Shampoo, Curly Hair Product for Dry, Damaged Hair, Clear, Unscented, 13 Fl Oz",Maui Moisture,All Products,12,shampoo,0.0,0.0,-1.0,0.0,0.0,0.3333333333333333,0.0
"GIOVANNI 2chic Frizz Be Gone Hot Oil Treatment 1.75 oz. Anti Frizz Treatment Helps to Prevent Breakage Shea Butter Sweet Almond Oil Jojoba Baobab Paraben Free Color Safe Pack of 12, 20.4 Ounce",Giovanni,Curly Girl Products,12,,0.0,0.0,1.0,1.0,1.0,1.0,0.0
"Cake Beauty The Hair Raiser Mighty Volumizing Powder, 0.60 Ounces",Cake Beauty,Hair,12,,0.0,0.0,0.0,0.0,0.0,0.0,-0.2
Bye-Bye Buildup,Uncle Funky's Daughter,Cleansers,12,,0.0,0.0,0.0,1.0,0.0,0.6666666666666666,0.0
"Maui Moisture Strength & Length + Castor & Neem Oil Conditioner, Curly Hair Product for Dry, Damaged Hair, 13 Fl Oz",Maui Moisture,All Products,12,conditioner,0.0,0.0,-1.0,0.0,0.0,0.3333333333333333,0.0
"TRESemmé Flawless Curls Mousse with Coconut and Avocado Oil, Provides Extra Hold in a Lightweight Formula, Paraben Free and Alcohol Free, Leaves Curls Soft & Bouncy, 2 pk - 15 oz each",TRESemme,Curly & Wavy Hair,12,mousse/foam,0.0,0.0,0.0,0.0,0.0,0.0,0.0
"Cake Beauty The Take Out Dry Shampoo, 20 Blotting Sheets",Cake Beauty,Hair,11,shampoo,0.0,0.0,0.0,1.0,0.0,0.3333333333333333,0.0
"TRESemmé Pro Care Curls Moisturizing Shampoo and Conditioner Set 2-20 oz Bottles Bundled with Leave-in Conditioner Spray, 6.1 oz, Leaves Curls Defined, Sulfate-Free, Frizz-Free",TRESemme,Curly & Wavy Hair,11,"shampoo, conditioner, leave-in",0.0,0.0,0.0,0.0,1.0,1.0,0.0
"TRESemmé Pro Pure Shampoo Sulfate-Free for Curly & Define Hair with 0% Sulfates, Parabens, Mineral Oils and Dyes, 16 Oz, Pack of 4",TRESemme,Curly & Wavy Hair,9,shampoo,0.0,0.0,0.0,0.0,1.0,1.0,0.0
"Soft-Sheen Carson Carol's Daughter Goddess Strength Repairing Cocoon Hydrating Hair Mask for Dry Damaged & Curly Hair, Restores Moisture, Made with Castor Oil, 12 Oz, White",Carol's Daughter,Masks and Treatments,8,mask,0.0,0.0,1.0,0.5,1.0,0.5,0.0
"Shea Moisture Manuka Honey & Yogurt Hydrate + Repair Shampoo, 10.3 fl oz",SheaMoisture,Manuka Honey and Yogurt,8,shampoo,0.0,0.0,0.0,1.0,0.0,0.0,0.0
"Carol’s Daughter Monoi Intense Repair Inner Strength System with Monoi Oil and Taurine for Stronger Strands Reparative Treatment, 8.2 fl oz",Carol's Daughter,Masks and Treatments,8,,0.0,0.0,1.0,1.0,1.0,1.0,0.0
"Pacifica Beauty Sunshine Highs Purple Shampoo and Conditioner for Neutralizing Yellow Tones, Tone Blonde & Silver Hair for Color Treated Hair, 100% Vegan & Cruelty Free, Vanilla, 2 Count",Pacifica,Hair,7,"shampoo, conditioner",0.0,0.0,0.0,0.0,0.0,1.0,0.0
"Pacifica Beauty Vegan Silk Shampoo + Conditioner Set, Vanilla, Almond Oil, Shea Butter, Vitamin B for Dry and Damaged Hair, Hydration, Shine, Silky Smooth, Clean Hair Care, 20 Oz",Pacifica,Hair,7,"shampoo, conditioner",0.0,0.0,1.0,0.0,0.0,0.0,0.0
"MopTop Curly Hair Custard Gel for Fine, Thick, Wavy, Curly & Kinky-Coily Natural hair, Anti Frizz Curl Moisturizer, Definer & Lightweight Curl Activator w/ Aloe, great for Dry Hair. (2ea)",Moptop,Gel,7,gel/custard,0.0,0.0,1.0,1.0,1.0,1.0,0.0
"Cake Beauty The Sheen Queen Nourishing Miracle Serum, 2 Ounces",Cake Beauty,Hair,7,,0.0,0.0,0.0,0.0,1.0,0.0,0.0
"TRESemmé Pro Pure Conditioner Silicone-Free for Curly Hair Pro Pure Curl Define 0% Silicones, Parabens, and Mineral Oils and Dyes. 16 oz 4 Count",TRESemme,Curly & Wavy Hair,7,conditioner,1.0,0.0,1.0,0.0,0.0,0.0,0.0
"Curls Blueberry Bliss Curl Control Jelly, 8 Ounces (Pack of 2)",Curls,Blueberry Bliss,6,gel/custard,0.0,0.0,-1.0,0.0,-1.0,-1.0,0.0
"Carol's Daughter Goddess Strength Leave-In Conditioner Spray For Curly, Natural Hair, Moisturizing Heat Protectant with Castor Oil, 11 fl oz",Carol's Daughter,Styling,6,"conditioner, leave-in",0.0,0.0,1.0,0.0,0.0,1.0,0.0
"SheaMoisture Strengthen and Restore Shampoo, Conditioner and Masque for Damaged Hair Jamaican Black Castor Oil Hair Care Regimen 3 count",SheaMoisture,Jamaican Black Castor Oil,6,"shampoo, conditioner, mask",0.0,0.0,1.0,0.0,0.0,0.6666666666666666,0.0
"Carol's Daughter Goddess Strength Ultra Shield Pre-Shampoo Treatment, Detangler for Natural Curly Hair, Made with Castor Oil, 10.2 Fl Oz",Carol's Daughter,Masks and Treatments,5,shampoo,0.0,0.0,1.0,0.0,1.0,1.0,0.0
"Curls Blueberry Bliss Repair and Grow Curl Sculpting Mousse, 5.75 Ounces",Curls,Blueberry Bliss,4,mousse/foam,0.0,0.0,0.0,0.0,0.0,0.0,0.0
"Shining Star Hair & Scalp Elixir, 6 oz",Uncle Funky's Daughter,Moisturizers,4,,0.0,0.0,0.0,0.0,0.0,0.0,0.0
"GIOVANNI Weightless Moisture Conditioner Wash Go Co Wash Curls For Wavy Hair No ParabensColor Safe, Direct Leave-In (Grapefruit + Lavender Extract), grapefruit, 24 Fl Oz",Giovanni,Curly Girl Products,4,"conditioner, leave-in",0.0,0.0,0.0,0.0,0.0,1.0,0.0
"Carol's Daughter Wash Day Delight Hair Gel to Foam Mousse Styler and Hair Detangler for Curly Hair with Aloe, Natural-looking Hold, 8.5 fl oz",Carol's Daughter,Styling,3,"gel/custard, mousse/foam",0.0,0.0,0.0,0.0,0.0,0.0,0.0
"SheaMoisture Strengthen and Restore Shampoo, Conditioner and Styling Lotion for Curly Hair Mixed Hair Care Regimen with Shea Butter 3 count",SheaMoisture,Jamaican Black Castor Oil,3,"shampoo, conditioner",0.0,0.0,0.0,1.0,1.0,1.0,0.0
"SheaMoisture Hydrate and Replenish Shampoo, Conditioner and Hair Masque for Curly Hair Manuka Honey and Marfura Oil Deep Conditioning Hair Treatment to Hydrate and Replenish Hair 3 Count",SheaMoisture,Manuka Honey and Mafura Oil,3,"shampoo, conditioner, mask",0.0,0.0,0.0,1.0,0.0,1.0,0.0
Squeaky 32oz,Uncle Funky's Daughter,Cleansers,3,,0.0,0.0,0.0,0.0,0.0,1.0,0.0
"Carol's Daughter Wash Day Delight Hair Gel to Foam Mousse Styler and Hair Detangler for Curly Hair with Rose Water, Natural-looking Hold, 8.5 fl oz",Carol's Daughter,Styling,2,"gel/custard, mousse/foam",0.0,0.0,-1.0,0.0,0.0,-1.0,0.0
"Carol's Daughter Wash Day Delight Cream Serum Moisturizer for Curly Hair, Anti-Frizz, Made with Rose Water and Glycerin, 6.8 Fl Oz",Carol's Daughter,Styling,2,cream,0.0,0.0,0.0,0.0,1.0,1.0,0.0
"Carol's Daughter Wash Day Delight Cream Serum Hair Moisturizer for Curly Hair, Anti-Frizz, Made with Aloe and Glycerin, 6.8 fl oz",Carol's Daughter,Styling,2,cream,0.0,0.0,0.0,0.0,0.0,1.0,0.0
"Not Your Mother's Naturals Youth Revival Shampoo, Conditioner, and Leave-In Tonic - Passion Fruit Kombucha & Awapuhi Ginger - Invigorates Hair to Restore Brightness & Shine",Not Your Mother's,Naturals,2,"shampoo, conditioner, leave-in",0.0,0.0,0.0,0.0,0.0,0.0,0.0
"TRESemmé Flawless Curls Moisturizing Mousse Extra Hold Flawless Curls Styling Mousse 10.5 oz, 6 Count, White",TRESemme,Curly & Wavy Hair,1,mousse/foam,0.0,0.0,0.0,0.0,0.0,0.0,0.0
"Not Your Mother's Naturals High Moisture Smoothing Cream (2-Pack) - 8 fl oz - Coconut Milk & African Marula Tree Oil - Lasting Frizz Control, Natural Flexible Hold",Not Your Mother's,Naturals,1,cream,0.0,0.0,0.0,0.0,1.0,0.0,0.0
